{
  "lang":"en",
  "name":"pipeline",
  "version":"0.0.0",
  "spacy_version":">=3.7.2,<3.8.0",
  "description":"",
  "author":"",
  "email":"",
  "url":"",
  "license":"",
  "spacy_git_version":"a89eae928",
  "vectors":{
    "width":0,
    "vectors":0,
    "keys":0,
    "name":null,
    "mode":"default"
  },
  "labels":{
    "tok2vec":[

    ],
    "ner":[
      "AGE",
      "AP",
      "DOSIS",
      "DOSIS_D",
      "EE",
      "FIN_RT",
      "INI_RT",
      "LOC_M",
      "MET",
      "PG",
      "PRIM",
      "RC",
      "RP",
      "SEX"
    ]
  },
  "pipeline":[
    "tok2vec",
    "ner"
  ],
  "components":[
    "tok2vec",
    "ner"
  ],
  "disabled":[

  ],
  "performance":{
    "ents_f":0.6750261233,
    "ents_p":0.7242152466,
    "ents_r":0.6320939335,
    "ents_per_type":{
      "SEX":{
        "p":0.9255319149,
        "r":0.956043956,
        "f":0.9405405405
      },
      "AGE":{
        "p":0.9705882353,
        "r":0.9428571429,
        "f":0.9565217391
      },
      "AP":{
        "p":0.8230088496,
        "r":0.8328358209,
        "f":0.8278931751
      },
      "PRIM":{
        "p":0.8369565217,
        "r":0.6470588235,
        "f":0.7298578199
      },
      "MET":{
        "p":0.6633165829,
        "r":0.5840707965,
        "f":0.6211764706
      },
      "LOC_M":{
        "p":0.5892857143,
        "r":0.4631578947,
        "f":0.5186640472
      },
      "RP":{
        "p":0.2857142857,
        "r":0.380952381,
        "f":0.3265306122
      },
      "INI_RT":{
        "p":0.8043478261,
        "r":0.5873015873,
        "f":0.6788990826
      },
      "DOSIS_D":{
        "p":0.7840909091,
        "r":0.6571428571,
        "f":0.7150259067
      },
      "DOSIS":{
        "p":0.7727272727,
        "r":0.5619834711,
        "f":0.6507177033
      },
      "FIN_RT":{
        "p":0.8,
        "r":0.6126126126,
        "f":0.693877551
      },
      "EE":{
        "p":0.4025157233,
        "r":0.4383561644,
        "f":0.4196721311
      },
      "PG":{
        "p":0.3076923077,
        "r":0.1666666667,
        "f":0.2162162162
      },
      "RC":{
        "p":1.0,
        "r":0.2222222222,
        "f":0.3636363636
      }
    },
    "tok2vec_loss":6649.4756500008,
    "ner_loss":1188.194858936
  }
}