{
  "lang":"en",
  "name":"pipeline",
  "version":"0.0.0",
  "spacy_version":">=3.7.2,<3.8.0",
  "description":"",
  "author":"",
  "email":"",
  "url":"",
  "license":"",
  "spacy_git_version":"a89eae928",
  "vectors":{
    "width":0,
    "vectors":0,
    "keys":0,
    "name":null,
    "mode":"default"
  },
  "labels":{
    "tok2vec":[

    ],
    "ner":[
      "AGE",
      "AP",
      "DOSIS",
      "DOSIS_D",
      "EE",
      "FIN_RT",
      "INI_RT",
      "LOC_M",
      "MET",
      "PG",
      "PRIM",
      "RC",
      "RP",
      "SEX"
    ]
  },
  "pipeline":[
    "tok2vec",
    "ner"
  ],
  "components":[
    "tok2vec",
    "ner"
  ],
  "disabled":[

  ],
  "performance":{
    "ents_f":0.691195795,
    "ents_p":0.7467348098,
    "ents_r":0.6433463796,
    "ents_per_type":{
      "SEX":{
        "p":0.9456521739,
        "r":0.956043956,
        "f":0.9508196721
      },
      "AGE":{
        "p":0.9626168224,
        "r":0.980952381,
        "f":0.9716981132
      },
      "AP":{
        "p":0.8608414239,
        "r":0.7940298507,
        "f":0.8260869565
      },
      "PRIM":{
        "p":0.7993421053,
        "r":0.6806722689,
        "f":0.7352496218
      },
      "MET":{
        "p":0.6894977169,
        "r":0.6681415929,
        "f":0.6786516854
      },
      "LOC_M":{
        "p":0.582278481,
        "r":0.4842105263,
        "f":0.5287356322
      },
      "RP":{
        "p":0.375,
        "r":0.2857142857,
        "f":0.3243243243
      },
      "INI_RT":{
        "p":0.7796610169,
        "r":0.7301587302,
        "f":0.7540983607
      },
      "FIN_RT":{
        "p":0.7247706422,
        "r":0.7117117117,
        "f":0.7181818182
      },
      "DOSIS_D":{
        "p":0.7373737374,
        "r":0.6952380952,
        "f":0.7156862745
      },
      "DOSIS":{
        "p":0.6923076923,
        "r":0.520661157,
        "f":0.5943396226
      },
      "EE":{
        "p":0.5921052632,
        "r":0.3082191781,
        "f":0.4054054054
      },
      "RC":{
        "p":0.25,
        "r":0.1111111111,
        "f":0.1538461538
      },
      "PG":{
        "p":0.347826087,
        "r":0.1666666667,
        "f":0.2253521127
      }
    },
    "tok2vec_loss":11223.2855575985,
    "ner_loss":1365.3283806632
  }
}